model,seed,accuracy,precision_macro,recall_macro,f1_macro,auroc,inference_time_ms_per_image,f1_NORMAL,f1_BACTERIA,f1_VIRUS
resnet18,0.0,0.7692307692307693,0.7893249070896448,0.7671991762900854,0.7527042979377679,0.939558929135779,12.840090224367136,0.7262872628726287,0.8592592592592593,0.672566371681416
resnet18,1.0,0.7644230769230769,0.8117327181346297,0.7812502585229858,0.7560836850483833,0.9142857539533008,12.757142628218459,0.7142857142857143,0.9002123142250531,0.6537530266343826
resnet18,2.0,0.7740384615384616,0.7974047540623627,0.7797030978849161,0.7565531799257478,0.9450476053203477,12.33538237176664,0.6961325966850829,0.8996138996138996,0.6739130434782609
densenet121,0.0,0.8189102564102564,0.8237224513789255,0.8207465252919799,0.807292631772713,0.951703625339761,15.561635737191327,0.8040201005025126,0.9076305220883534,0.7102272727272727
densenet121,1.0,0.8397435897435898,0.8457540442414343,0.8456515956515958,0.8295385492949476,0.9631605574402692,15.160592628186956,0.810126582278481,0.9184890656063618,0.76
densenet121,2.0,0.782051282051282,0.8006114389517037,0.7852171943081035,0.7673715970640679,0.9525841017171458,14.524337980755938,0.7243243243243244,0.8705440900562852,0.7072463768115942
ensemble_resnet18_densenet121,,0.8173076923076923,0.8258637422548342,0.8197259560895924,0.8034952994782635,0.9612918201910335,,0.7740259740259741,0.914396887159533,0.7220630372492837
