{
  "accuracy": 0.8060897435897436,
  "precision": 0.806378132118451,
  "recall": 0.9076923076923077,
  "sensitivity": 0.9076923076923077,
  "specificity": 0.6367521367521367,
  "f1": 0.8540410132689988,
  "confusion_matrix": {
    "tn": 149,
    "fp": 85,
    "fn": 36,
    "tp": 354
  },
  "auroc": 0.8996712689020383,
  "model": "custom_cnn",
  "seed": 2,
  "num_test_images": 624,
  "inference_time_ms_per_image": 13.69352628203976
}