{
  "accuracy": 0.8108974358974359,
  "precision": 0.8541666666666666,
  "recall": 0.841025641025641,
  "sensitivity": 0.841025641025641,
  "specificity": 0.7606837606837606,
  "f1": 0.8475452196382429,
  "confusion_matrix": {
    "tn": 178,
    "fp": 56,
    "fn": 62,
    "tp": 328
  },
  "auroc": 0.8892395353933815,
  "model": "custom_cnn",
  "seed": 0,
  "num_test_images": 624,
  "inference_time_ms_per_image": 14.286999358977809
}