{
  "accuracy": 0.8461538461538461,
  "precision": 0.8049792531120332,
  "recall": 0.9948717948717949,
  "sensitivity": 0.9948717948717949,
  "specificity": 0.5982905982905983,
  "f1": 0.8899082568807339,
  "confusion_matrix": {
    "tn": 140,
    "fp": 94,
    "fn": 2,
    "tp": 388
  },
  "auroc": 0.9653298268682884,
  "model": "densenet121",
  "seed": 0,
  "num_test_images": 624,
  "inference_time_ms_per_image": 15.67254727564059
}