{
  "accuracy": 0.8397435897435898,
  "precision_macro": 0.8457540442414343,
  "recall_macro": 0.8456515956515958,
  "f1_macro": 0.8295385492949476,
  "precision_per_class": {
    "NORMAL": 0.9937888198757764,
    "BACTERIA": 0.8850574712643678,
    "VIRUS": 0.6584158415841584
  },
  "recall_per_class": {
    "NORMAL": 0.6837606837606838,
    "BACTERIA": 0.9545454545454546,
    "VIRUS": 0.8986486486486487
  },
  "f1_per_class": {
    "NORMAL": 0.810126582278481,
    "BACTERIA": 0.9184890656063618,
    "VIRUS": 0.76
  },
  "confusion_matrix": [
    [
      160,
      15,
      59
    ],
    [
      1,
      231,
      10
    ],
    [
      0,
      15,
      133
    ]
  ],
  "auroc": 0.9631605574402692,
  "model": "densenet121",
  "seed": 1,
  "num_test_images": 624,
  "inference_time_ms_per_image": 15.160592628186956
}