{
  "accuracy": 0.782051282051282,
  "precision_macro": 0.8006114389517037,
  "recall_macro": 0.7852171943081035,
  "f1_macro": 0.7673715970640679,
  "precision_per_class": {
    "NORMAL": 0.9852941176470589,
    "BACTERIA": 0.7972508591065293,
    "VIRUS": 0.6192893401015228
  },
  "recall_per_class": {
    "NORMAL": 0.5726495726495726,
    "BACTERIA": 0.9586776859504132,
    "VIRUS": 0.8243243243243243
  },
  "f1_per_class": {
    "NORMAL": 0.7243243243243244,
    "BACTERIA": 0.8705440900562852,
    "VIRUS": 0.7072463768115942
  },
  "confusion_matrix": [
    [
      134,
      33,
      67
    ],
    [
      2,
      232,
      8
    ],
    [
      0,
      26,
      122
    ]
  ],
  "auroc": 0.9525841017171458,
  "model": "densenet121",
  "seed": 2,
  "num_test_images": 624,
  "inference_time_ms_per_image": 14.524337980755938
}