{
  "accuracy": 0.8573717948717948,
  "precision": 0.8155136268343816,
  "recall": 0.9974358974358974,
  "sensitivity": 0.9974358974358974,
  "specificity": 0.6239316239316239,
  "f1": 0.8973471741637832,
  "confusion_matrix": {
    "tn": 146,
    "fp": 88,
    "fn": 1,
    "tp": 389
  },
  "auroc": 0.9734440061363139,
  "model": "densenet121",
  "seed": 1,
  "num_test_images": 624,
  "inference_time_ms_per_image": 16.39017163461176
}