{
  "accuracy": 0.7884615384615384,
  "precision_macro": 0.8009844627235932,
  "recall_macro": 0.7860899679081497,
  "f1_macro": 0.773490019563318,
  "precision_per_class": {
    "NORMAL": 0.9932432432432432,
    "BACTERIA": 0.8297101449275363,
    "VIRUS": 0.58
  },
  "recall_per_class": {
    "NORMAL": 0.6282051282051282,
    "BACTERIA": 0.9462809917355371,
    "VIRUS": 0.7837837837837838
  },
  "f1_per_class": {
    "NORMAL": 0.7696335078534031,
    "BACTERIA": 0.8841698841698842,
    "VIRUS": 0.6666666666666666
  },
  "confusion_matrix": [
    [
      147,
      15,
      72
    ],
    [
      1,
      229,
      12
    ],
    [
      0,
      32,
      116
    ]
  ],
  "auroc": 0.9375329139945556,
  "model": "densenet121",
  "seed": 1,
  "num_test_images": 624,
  "inference_time_ms_per_image": 15.823081570511606
}