{
  "accuracy": 0.7740384615384616,
  "precision_macro": 0.7974047540623627,
  "recall_macro": 0.7797030978849161,
  "f1_macro": 0.7565531799257478,
  "precision_per_class": {
    "NORMAL": 0.984375,
    "BACTERIA": 0.8442028985507246,
    "VIRUS": 0.5636363636363636
  },
  "recall_per_class": {
    "NORMAL": 0.5384615384615384,
    "BACTERIA": 0.9628099173553719,
    "VIRUS": 0.8378378378378378
  },
  "f1_per_class": {
    "NORMAL": 0.6961325966850829,
    "BACTERIA": 0.8996138996138996,
    "VIRUS": 0.6739130434782609
  },
  "confusion_matrix": [
    [
      126,
      19,
      89
    ],
    [
      2,
      233,
      7
    ],
    [
      0,
      24,
      124
    ]
  ],
  "auroc": 0.9450476053203477,
  "model": "resnet18",
  "seed": 2,
  "num_test_images": 624,
  "inference_time_ms_per_image": 12.33538237176664
}