{
  "accuracy": 0.782051282051282,
  "precision_macro": 0.7963832190558402,
  "recall_macro": 0.7802506893415985,
  "f1_macro": 0.7660641149260826,
  "precision_per_class": {
    "NORMAL": 0.9859154929577465,
    "BACTERIA": 0.8083623693379791,
    "VIRUS": 0.5948717948717949
  },
  "recall_per_class": {
    "NORMAL": 0.5982905982905983,
    "BACTERIA": 0.9586776859504132,
    "VIRUS": 0.7837837837837838
  },
  "f1_per_class": {
    "NORMAL": 0.7446808510638298,
    "BACTERIA": 0.8771266540642723,
    "VIRUS": 0.6763848396501457
  },
  "confusion_matrix": [
    [
      140,
      23,
      71
    ],
    [
      2,
      232,
      8
    ],
    [
      0,
      32,
      116
    ]
  ],
  "auroc": 0.9449994627724402,
  "model": "resnet18",
  "seed": 2,
  "num_test_images": 624,
  "inference_time_ms_per_image": 13.442788782051652
}