{
  "accuracy": 0.7692307692307693,
  "precision_macro": 0.7893249070896448,
  "recall_macro": 0.7671991762900854,
  "f1_macro": 0.7527042979377679,
  "precision_per_class": {
    "NORMAL": 0.9925925925925926,
    "BACTERIA": 0.7785234899328859,
    "VIRUS": 0.5968586387434555
  },
  "recall_per_class": {
    "NORMAL": 0.5726495726495726,
    "BACTERIA": 0.9586776859504132,
    "VIRUS": 0.7702702702702703
  },
  "f1_per_class": {
    "NORMAL": 0.7262872628726287,
    "BACTERIA": 0.8592592592592593,
    "VIRUS": 0.672566371681416
  },
  "confusion_matrix": [
    [
      134,
      32,
      68
    ],
    [
      1,
      232,
      9
    ],
    [
      0,
      34,
      114
    ]
  ],
  "auroc": 0.939558929135779,
  "model": "resnet18",
  "seed": 0,
  "num_test_images": 624,
  "inference_time_ms_per_image": 12.840090224367136
}