{
  "accuracy": 0.8301282051282052,
  "precision": 0.7886178861788617,
  "recall": 0.9948717948717949,
  "sensitivity": 0.9948717948717949,
  "specificity": 0.5555555555555556,
  "f1": 0.8798185941043084,
  "confusion_matrix": {
    "tn": 130,
    "fp": 104,
    "fn": 2,
    "tp": 388
  },
  "auroc": 0.9544926583388122,
  "model": "resnet18",
  "seed": 0,
  "num_test_images": 624,
  "inference_time_ms_per_image": 13.024851762816652
}